<?xml version="1.0" encoding="UTF-8" ?>  
<!DOCTYPE tiles-definitions PUBLIC  
       "-//Apache Software Foundation//DTD Tiles Configuration 2.0//EN"  
       "http://tiles.apache.org/dtds/tiles-config_2_0.dtd">  
<tiles-definitions>  
    <definition name="base.definition"  
        template="/WEB-INF/views/layout.jsp">  
        <put-attribute name="title" value="" />  
        <put-attribute name="header" value="/WEB-INF/views/header.jsp" />  
        <put-attribute name="menu" value="/WEB-INF/views/menu.jsp" />  
        <put-attribute name="body" value="" />  
        <put-attribute name="footer" value="/WEB-INF/views/footer.jsp" />  
    </definition>  
    <definition name="registration" extends="base.definition">  
        <put-attribute name="title" value="Registration Page" />  
        <put-attribute name="body" value="/WEB-INF/views/registration.jsp" />  
    </definition>  
  
    <definition name="home" extends="base.definition">  
        <put-attribute name="title" value="Home Page!" />  
        <put-attribute name="body" value="/WEB-INF/views/home.jsp" />  
    </definition> 
    
     <definition name="successRegistration" extends="base.definition">  
        <put-attribute name="title" value="Registration Process" />  
        <put-attribute name="body" value="/WEB-INF/views/successRegistration.jsp" />  
    </definition>  
  
</tiles-definitions>